﻿<parameters>
  <parameter name="IIS Web Application Name" defaultValue="Default Web Site/Attendance_deploy" tags="IisApp">
    <parameterEntry kind="ProviderPath" scope="IisApp" match="^C:\\Users\\m\.alkahtani\\Documents\\GitHub\\Xceed\\Attendance\\Attendance\\obj\\Debug\\Package\\PackageTmp$" />
    <parameterEntry kind="ProviderPath" scope="setAcl" match="^C:\\Users\\m\.alkahtani\\Documents\\GitHub\\Xceed\\Attendance\\Attendance\\obj\\Debug\\Package\\PackageTmp$" />
  </parameter>
  <parameter name="Add write permission to App_Data Folder" description="Add write permission to App_Data folder" defaultValue="{IIS Web Application Name}/App_Data" tags="Hidden">
    <parameterEntry kind="ProviderPath" scope="setAcl" match="^C:\\Users\\m\.alkahtani\\Documents\\GitHub\\Xceed\\Attendance\\Attendance\\obj\\Debug\\Package\\PackageTmp\\App_Data$" />
  </parameter>
  <parameter name="EventEntities-Web.config Connection String" description="EventEntities Connection String used in web.config by the application to access the database." defaultValue="metadata=res://*/Models.Event.csdl|res://*/Models.Event.ssdl|res://*/Models.Event.msl;provider=System.Data.SqlClient;provider connection string=&quot;data source=10.1.2.48\BSSERVER;initial catalog=BioStar;persist security info=True;user id=CrystalUser;password=4test0nlY;multipleactiveresultsets=True;App=EntityFramework&quot;" tags="SqlConnectionString">
    <parameterEntry kind="XmlFile" scope="C:\\Users\\m\.alkahtani\\Documents\\GitHub\\Xceed\\Attendance\\Attendance\\obj\\Debug\\Package\\PackageTmp\\Web\.config$" match="/configuration/connectionStrings/add[@name='EventEntities']/@connectionString" />
  </parameter>
  <parameter name="UsersEntities-Web.config Connection String" description="UsersEntities Connection String used in web.config by the application to access the database." defaultValue="metadata=res://*/Models.Users.csdl|res://*/Models.Users.ssdl|res://*/Models.Users.msl;provider=System.Data.SqlClient;provider connection string=&quot;data source=10.1.2.48\BSSERVER;initial catalog=BioStar;persist security info=True;user id=CrystalUser;password=4test0nlY;multipleactiveresultsets=True;App=EntityFramework&quot;" tags="SqlConnectionString">
    <parameterEntry kind="XmlFile" scope="C:\\Users\\m\.alkahtani\\Documents\\GitHub\\Xceed\\Attendance\\Attendance\\obj\\Debug\\Package\\PackageTmp\\Web\.config$" match="/configuration/connectionStrings/add[@name='UsersEntities']/@connectionString" />
  </parameter>
</parameters>